Workbook

Sheet LAB
A1: Sales Compensation Report - Q3 2026
A2: Salesman | B2: Total Sales (Baht) | C2: Total Commission Income | D2: Bonus | E2: Employee Total Income
A3: Joe | B3: =SUM(SaleRecords!B3:D3) -> 790298 | C3: =(SaleRecords!B3*VLOOKUP(SaleRecords!B3, CommissionRate!$B$3:$C$6, 2, TRUE)) + (SaleRecords!C3*VLOOKUP(SaleRecords!C3, CommissionRate!$B$3:$C$6, 2, TRUE)) + (SaleRecords!D3*VLOOKUP(SaleRecords!D3, CommissionRate!$B$3:$C$6, 2, TRUE)) -> 33714.9 | D3: =IF(B3>=200000, B3*VLOOKUP(B3, BonusRate!$B$3:$C$6, 2, TRUE), 0) -> 31611.92 | E3: =C3+D3 -> 65326.82
A4: Emmett | B4: =SUM(SaleRecords!B4:D4) -> 790551 | C4: =(SaleRecords!B4*VLOOKUP(SaleRecords!B4, CommissionRate!$B$3:$C$6, 2, TRUE)) + (SaleRecords!C4*VLOOKUP(SaleRecords!C4, CommissionRate!$B$3:$C$6, 2, TRUE)) + (SaleRecords!D4*VLOOKUP(SaleRecords!D4, CommissionRate!$B$3:$C$6, 2, TRUE)) -> 35905.51 | D4: =IF(B4>=200000, B4*VLOOKUP(B4, BonusRate!$B$3:$C$6, 2, TRUE), 0) -> 31622.04 | E4: =C4+D4 -> 67527.55
A5: Michael | B5: =SUM(SaleRecords!B5:D5) -> 773832 | C5: =(SaleRecords!B5*VLOOKUP(SaleRecords!B5, CommissionRate!$B$3:$C$6, 2, TRUE)) + (SaleRecords!C5*VLOOKUP(SaleRecords!C5, CommissionRate!$B$3:$C$6, 2, TRUE)) + (SaleRecords!D5*VLOOKUP(SaleRecords!D5, CommissionRate!$B$3:$C$6, 2, TRUE)) -> 34891.6 | D5: =IF(B5>=200000, B5*VLOOKUP(B5, BonusRate!$B$3:$C$6, 2, TRUE), 0) -> 30953.28 | E5: =C5+D5 -> 65844.88
A6: Phillip | B6: =SUM(SaleRecords!B6:D6) -> 452447 | C6: =(SaleRecords!B6*VLOOKUP(SaleRecords!B6, CommissionRate!$B$3:$C$6, 2, TRUE)) + (SaleRecords!C6*VLOOKUP(SaleRecords!C6, CommissionRate!$B$3:$C$6, 2, TRUE)) + (SaleRecords!D6*VLOOKUP(SaleRecords!D6, CommissionRate!$B$3:$C$6, 2, TRUE)) -> 9413.41 | D6: =IF(B6>=200000, B6*VLOOKUP(B6, BonusRate!$B$3:$C$6, 2, TRUE), 0) -> 9048.94 | E6: =C6+D6 -> 18462.35
A7: Sandra | B7: =SUM(SaleRecords!B7:D7) -> 561026 | C7: =(SaleRecords!B7*VLOOKUP(SaleRecords!B7, CommissionRate!$B$3:$C$6, 2, TRUE)) + (SaleRecords!C7*VLOOKUP(SaleRecords!C7, CommissionRate!$B$3:$C$6, 2, TRUE)) + (SaleRecords!D7*VLOOKUP(SaleRecords!D7, CommissionRate!$B$3:$C$6, 2, TRUE)) -> 16830.78 | D7: =IF(B7>=200000, B7*VLOOKUP(B7, BonusRate!$B$3:$C$6, 2, TRUE), 0) -> 16830.78 | E7: =C7+D7 -> 33661.56

Sheet CommissionRate
A1: Monthly Commission Structure
A2: Sales Tier | B2: Tier Minimum | C2: Commission Rate
A3: =TEXT(B3,"0")&"-"&TEXT(B4-1,"#,###") -> 0-74,999 | B3: 0 | C3: 0
A4: =TEXT(B4,"#,###")&"-"&TEXT(B5-1,"#,###") -> 75,000-149,999 | B4: 75000 | C4: 0.01
A5: =TEXT(B5,"#,###")&"-"&TEXT(B6-1,"#,###") -> 150,000-249,999 | B5: 150000 | C5: 0.03
A6: =TEXT(B6,"#,###")&"+" -> 250,000+ | B6: 250000 | C6: 0.05

Sheet BonusRate
A1: Bonus Structure
A2: Sales Tier | B2: Tier Minimum | C2: Bonus Rate
A3: =TEXT(B3,"#,###")&"-"&TEXT(B4-1,"#,###") -> 200,000-299,999 | B3: 200000 | C3: 0.01
A4: =TEXT(B4,"#,###")&"-"&TEXT(B5-1,"#,###") -> 300,000-499,999 | B4: 300000 | C4: 0.02
A5: =TEXT(B5,"#,###")&"-"&TEXT(B6-1,"#,###") -> 500,000-699,999 | B5: 500000 | C5: 0.03
A6: =TEXT(B6,"#,###")&"+" -> 700,000+ | B6: 700000 | C6: 0.04

Sheet SaleRecords
A1: Monthly Sale Records
A2: Salesman | B2: July 2026 | C2: August 2026 | D2: September 2026
A3: Joe | B3: 361298 | C3: 145000 | D3: 284000
A4: Emmett | B4: 90551 | C4: 360000 | D4: 340000
A5: Michael | B5: 258832 | C5: 420000 | D5: 95000
A6: Phillip | B6: 244447 | C6: 85000 | D6: 123000
A7: Sandra | B7: 156026 | C7: 210000 | D7: 195000
